id,name,title,created_at,updated_at
1,atuck,"""Anal Tuck"" Gallery",2019-06-18 11:02:22.604547,2019-06-18 11:02:22.604547
2,colonic,"""Colonic Irrigation"" Gallery",2019-06-18 11:02:22.613550,2019-06-18 11:02:22.613550
3,ladmds2,"""L' Aube Du Matin Du Soir II (Remix)"" Gallery",2019-06-18 11:02:22.621550,2019-06-18 11:02:22.621550
4,airdirt,"""The Airdirt Demo"" Gallery",2019-06-18 11:02:22.629548,2019-06-18 11:02:22.629548
5,floormat,"""The ST Floormat Demo"" Gallery",2019-06-18 11:02:22.638550,2019-06-18 11:02:22.638550
6,teckno,"""The 'Anti Teckno' Teckno Demo"" Gallery",2019-06-18 11:02:22.647547,2019-06-18 11:02:22.647547
7,xmas97,"""Xmas Card 97"" Gallery",2019-06-18 11:02:22.657548,2019-06-18 11:02:22.657548
8,dadplazz,"""DadPlazz!"" Gallery",2019-06-18 11:02:22.667549,2019-06-18 11:02:22.667549
9,mono,"""Mono-Mental!"" Gallery",2019-06-18 11:02:22.676549,2019-06-18 11:02:22.676549
10,fake,"""The Ultimate Fake Demo"" Gallery",2019-06-18 11:02:22.686549,2019-06-18 11:02:22.686549
11,JPG,Jackson Pollock's Gallery,2019-06-18 11:02:22.696549,2019-06-18 11:02:22.696549
12,OFPG,Old Fart Profile Gallery,2019-06-18 11:02:22.706550,2019-06-18 11:02:22.706550
13,DGPG,Doddering Git Profile Gallery,2019-06-18 11:02:22.716549,2019-06-18 11:02:22.716549
14,DVLPG,Dame Vera Lynn Profile Gallery,2019-06-18 11:02:22.726550,2019-06-18 11:02:22.726550
15,JPPG,Jackson Pollock Profile Gallery,2019-06-18 11:02:22.735549,2019-06-18 11:02:22.735549
16,CBPG,Colosomy Bag Profile Gallery,2019-06-18 11:02:22.749560,2019-06-18 11:02:22.749560
